{"S2_2501": {"count": 0, "wr": 0, "pf": 0, "pnl": 0}, "BD7_2501": null, "RA2_2501": {"count": 214, "wr": 55.60747663551402, "pf": 1.7374522375493817, "pnl": 113.86999999999998}, "S2_2502": {"count": 294, "wr": 49.31972789115646, "pf": 2.3131475341898047, "pnl": 253.49000000000007}, "BD7_2502": null, "RA2_2502": null, "S2_2503": {"count": 247, "wr": 44.534412955465584, "pf": 1.53143223325857, "pnl": 82.92999999999995}, "BD7_2503": null, "RA2_2503": {"count": 0, "wr": 0, "pf": 0, "pnl": 0}, "S2_2504": {"count": 802, "wr": 49.00249376558604, "pf": 2.3368573167021602, "pnl": 4218.48}, "BD7_2504": null, "RA2_2504": {"count": 2094, "wr": 58.40496657115568, "pf": 2.966385077676939, "pnl": 238866.47000000012}, "S2_2505": {"count": 583, "wr": 53.859348198970835, "pf": 2.2383986054159, "pnl": 3125.780000000003}, "BD7_2505": null, "RA2_2505": null, "S2_2506": {"count": 495, "wr": 49.292929292929294, "pf": 1.61555201373138, "pnl": 401.6600000000002}, "BD7_2506": {"count": 703, "wr": 51.920341394025606, "pf": 2.79741719786175, "pnl": 3913.840000000001}, "RA2_2506": {"count": 599, "wr": 53.756260434056756, "pf": 2.555692391899289, "pnl": 1364.28}, "S2_2507": null, "BD7_2507": null, "RA2_2507": null, "S2_2508": null, "RA2_2508": {"count": 76, "wr": 56.57894736842105, "pf": 2.495902420430723, "pnl": 78.49}, "S2_2509": {"count": 515, "wr": 51.6504854368932, "pf": 2.446993028620029, "pnl": 1122.910000000001}, "RA2_2509": null, "S2_2510": {"count": 673, "wr": 57.20653789004457, "pf": 4.362543935136701, "pnl": 29188.260000000002}, "RA2_2510": {"count": 2374, "wr": 59.4776748104465, "pf": 3.5909813506780908, "pnl": 442566.8199999999}, "S2_2511": null, "RA2_2511": null, "S2_2512": {"count": 758, "wr": 52.770448548812666, "pf": 3.6445385680540854, "pnl": 5844.06}, "RA2_2512": null, "S2_2601": {"count": 329, "wr": 36.17021276595745, "pf": 0.9375473317514014, "pnl": -12.369999999999994}, "RA2_2601": null, "S2_2602": {"count": 54, "wr": 42.592592592592595, "pf": 0.8040351578106274, "pnl": -9.810000000000008}, "RA2_2602": null, "S2_2603": {"count": 51, "wr": 29.411764705882355, "pf": 0.5452746165264721, "pnl": -18.38}, "RA2_2603": null}