{"S2_2501": {"count": 0, "wr": 0, "pf": 0, "pnl": 0}, "BD7_2501": null, "RA2_2501": {"count": 214, "wr": 55.60747663551402, "pf": 1.7374522375493817, "pnl": 113.86999999999998}, "S2_2502": {"count": 294, "wr": 49.31972789115646, "pf": 2.3131475341898047, "pnl": 253.49000000000007}, "BD7_2502": null, "RA2_2502": null, "S2_2503": {"count": 247, "wr": 44.534412955465584, "pf": 1.53143223325857, "pnl": 82.92999999999995}, "BD7_2503": null, "RA2_2503": {"count": 0, "wr": 0, "pf": 0, "pnl": 0}, "S2_2504": {"count": 802, "wr": 49.00249376558604, "pf": 2.3368573167021602, "pnl": 4218.48}, "BD7_2504": null, "RA2_2504": {"count": 2094, "wr": 58.40496657115568, "pf": 2.966385077676939, "pnl": 238866.47000000012}, "S2_2505": {"count": 583, "wr": 53.859348198970835, "pf": 2.2383986054159, "pnl": 3125.780000000003}, "BD7_2505": null, "RA2_2505": null, "S2_2506": {"count": 495, "wr": 49.292929292929294, "pf": 1.61555201373138, "pnl": 401.6600000000002}, "BD7_2506": {"count": 703, "wr": 51.920341394025606, "pf": 2.79741719786175, "pnl": 3913.840000000001}, "RA2_2506": {"count": 599, "wr": 53.756260434056756, "pf": 2.555692391899289, "pnl": 1364.28}, "S2_2507": null, "BD7_2507": null, "RA2_2507": {"count": 243, "wr": 61.31687242798354, "pf": 2.0273570548590487, "pnl": 283.53}, "S2_2508": {"count": 280, "wr": 42.142857142857146, "pf": 1.3889763779527564, "pnl": 76.57000000000002}, "BD7_2508": null, "RA2_2508": null, "S2_2509": {"count": 515, "wr": 51.6504854368932, "pf": 2.446993028620029, "pnl": 1122.910000000001}, "BD7_2509": {"count": 657, "wr": 54.794520547945204, "pf": 2.762237150554564, "pnl": 6043.9800000000005}, "RA2_2509": {"count": 566, "wr": 59.01060070671378, "pf": 2.659132404877725, "pnl": 2489.8600000000015}, "S2_2510": null, "BD7_2510": null, "RA2_2510": {"count": 2374, "wr": 59.4776748104465, "pf": 3.5909813506780908, "pnl": 442566.8199999999}, "S2_2511": null, "BD7_2511": {"count": 1942, "wr": 57.672502574665295, "pf": 3.1378913644293256, "pnl": 244278.61}, "RA2_2511": null, "S2_2512": {"count": 758, "wr": 52.770448548812666, "pf": 3.6445385680540854, "pnl": 5844.06}, "BD7_2512": null, "RA2_2512": null, "S2_2601": {"count": 329, "wr": 36.17021276595745, "pf": 0.9375473317514014, "pnl": -12.369999999999994}, "BD7_2601": null, "RA2_2601": null, "S2_2602": null, "BD7_2602": null, "RA2_2602": {"count": 30, "wr": 53.333333333333336, "pf": 0.6280048076923076, "pnl": -18.570000000000004}, "S2_2603": null, "BD7_2603": null, "RA2_2603": null, "S2_2604": {"count": 51, "wr": 31.372549019607842, "pf": 0.5603319855288362, "pnl": -20.66}, "BD7_2604": null, "RA2_2604": null, "S2_2605": {"count": 37, "wr": 24.324324324324326, "pf": 0.35069740962140616, "pnl": -22.809999999999995}, "BD7_2605": null, "RA2_2605": null}