{"S2_2406": {"count": 43, "wr": 48.837209302325576, "pf": 1.140619561434041, "pnl": 4.039999999999999}, "BD7_2406": {"count": 19, "wr": 21.052631578947366, "pf": 0.24271844660194175, "pnl": -12.480000000000002}, "RA2_2406": null, "S2_2407": null, "BD7_2407": null, "RA2_2407": {"count": 59, "wr": 47.45762711864407, "pf": 1.4207484027989048, "pnl": 13.829999999999995}, "S2_2408": {"count": 205, "wr": 41.951219512195124, "pf": 1.5266931649910376, "pnl": 67.58000000000003}, "BD7_2408": {"count": 140, "wr": 42.857142857142854, "pf": 1.3711204313960452, "pnl": 30.970000000000006}, "RA2_2408": null, "S2_2409": {"count": 106, "wr": 36.79245283018868, "pf": 1.116120218579235, "pnl": 5.949999999999999}, "BD7_2409": {"count": 193, "wr": 50.77720207253886, "pf": 1.666035271064663, "pnl": 101.97000000000001}, "RA2_2409": {"count": 162, "wr": 53.70370370370371, "pf": 1.5350471293916021, "pnl": 62.43999999999999}, "S2_2410": {"count": 207, "wr": 42.51207729468599, "pf": 1.5653468815697271, "pnl": 64.54}, "BD7_2410": {"count": 270, "wr": 46.2962962962963, "pf": 1.4880548766064805, "pnl": 123.80000000000005}, "RA2_2410": {"count": 108, "wr": 50.92592592592593, "pf": 1.0201849199114466, "pnl": 1.5499999999999972}, "S2_2411": null, "BD7_2411": {"count": 114, "wr": 40.35087719298245, "pf": 0.8825018615040953, "pnl": -7.89}, "RA2_2411": null, "S2_2412": {"count": 0, "wr": 0, "pf": 0, "pnl": 0}, "BD7_2412": null, "RA2_2412": {"count": 201, "wr": 52.736318407960205, "pf": 2.114711384286479, "pnl": 166.84999999999997}, "S2_2501": {"count": 177, "wr": 37.85310734463277, "pf": 1.10691301640025, "pnl": 10.29999999999999}, "BD7_2501": {"count": 277, "wr": 46.20938628158845, "pf": 1.9040163081193613, "pnl": 208.42999999999995}, "RA2_2501": null, "S2_2502": null, "BD7_2502": {"count": 257, "wr": 48.63813229571984, "pf": 1.6912496193279871, "pnl": 136.18999999999997}, "RA2_2502": {"count": 176, "wr": 55.68181818181818, "pf": 1.8702282565918933, "pnl": 88.45000000000003}, "S2_2503": {"count": 247, "wr": 44.534412955465584, "pf": 1.53143223325857, "pnl": 82.92999999999995}, "BD7_2503": {"count": 210, "wr": 47.61904761904761, "pf": 1.6586720941745976, "pnl": 119.74}, "RA2_2503": {"count": 181, "wr": 55.24861878453039, "pf": 1.8070924739532783, "pnl": 124.72000000000011}, "S2_2504": {"count": 802, "wr": 49.00249376558604, "pf": 2.3368573167021602, "pnl": 4218.48}, "BD7_2504": null, "RA2_2504": {"count": 2094, "wr": 58.40496657115568, "pf": 2.966385077676939, "pnl": 238866.47000000012}, "S2_2505": {"count": 583, "wr": 53.859348198970835, "pf": 2.2383986054159, "pnl": 3125.780000000003}, "BD7_2505": null, "RA2_2505": null, "S2_2506": {"count": 495, "wr": 49.292929292929294, "pf": 1.61555201373138, "pnl": 401.6600000000002}, "BD7_2506": {"count": 703, "wr": 51.920341394025606, "pf": 2.79741719786175, "pnl": 3913.840000000001}, "RA2_2506": {"count": 599, "wr": 53.756260434056756, "pf": 2.555692391899289, "pnl": 1364.28}, "S2_2507": null, "BD7_2507": null, "RA2_2507": null, "S2_2508": null, "BD7_2508": null, "RA2_2508": {"count": 76, "wr": 56.57894736842105, "pf": 2.495902420430723, "pnl": 78.49}, "S2_2509": null, "BD7_2509": null, "RA2_2509": {"count": 566, "wr": 59.01060070671378, "pf": 2.659132404877725, "pnl": 2489.8600000000015}, "S2_2510": null, "BD7_2510": null, "RA2_2510": {"count": 2374, "wr": 59.4776748104465, "pf": 3.5909813506780908, "pnl": 442566.8199999999}, "S2_2511": null, "BD7_2511": {"count": 1942, "wr": 57.672502574665295, "pf": 3.1378913644293256, "pnl": 244278.61}, "RA2_2511": null, "S2_2512": null, "BD7_2512": null, "RA2_2512": null, "S2_2601": {"count": 329, "wr": 36.17021276595745, "pf": 0.9375473317514014, "pnl": -12.369999999999994}, "BD7_2601": null, "RA2_2601": null, "S2_2602": {"count": 54, "wr": 42.592592592592595, "pf": 0.8040351578106274, "pnl": -9.810000000000008}, "BD7_2602": null, "RA2_2602": {"count": 30, "wr": 53.333333333333336, "pf": 0.6280048076923076, "pnl": -18.570000000000004}, "S2_2603": {"count": 51, "wr": 29.411764705882355, "pf": 0.5452746165264721, "pnl": -18.38}, "BD7_2603": null, "RA2_2603": null, "S2_2604": {"count": 51, "wr": 31.372549019607842, "pf": 0.5603319855288362, "pnl": -20.66}, "BD7_2604": {"count": 65, "wr": 41.53846153846154, "pf": 0.9023556914224069, "pnl": -5.430000000000001}, "RA2_2604": null, "S2_2605": {"count": 37, "wr": 24.324324324324326, "pf": 0.35069740962140616, "pnl": -22.809999999999995}, "BD7_2605": null, "RA2_2605": {"count": 10, "wr": 30.0, "pf": 0.22461928934010153, "pnl": -6.11}}